424_행정구역코드,평균공시지가(원/㎡),가구수,소득분위,단위면적당버스정류장개수,토지이용비율_주거,토지이용비율_상업,토지이용비율_공업,토지이용비율_녹지,토지이용비율_기타,1차산업_사업체규모(명/개),2차산업_사업체규모(명/개),3차산업_사업체규모(명/개),분산,총 인구수,참여율
1101072,6112271.858,5352,8분위,9.727626459,0.464828524,0.001341635,0,0.53382984,0,0,2.492063492,5.606217617,0.000228984,11978,0.005259643
1101053,10774863.12,4758,9분위,32.5203252,0.563596426,0.303468941,0,0.132934633,0,16,5.407563025,11.40742285,0.000210733,9372,0.003414426
1101054,6686926.816,1340,7분위,10.06711409,0.345160692,0.005842917,0,0.648996391,0,0,3.641509434,5.299003322,0.000155379,2456,0.006107492
1101055,1954082.272,4389,7분위,16.74008811,0.472757717,0,0,0.527242283,0,0,2.64556962,4.359509202,0.000102226,9579,0.002401086
1101056,2100074.174,7519,8분위,7.328072153,0.262839477,0,0,0.737160523,0,0,4.808988764,3.159902597,0.000102978,18152,0.002479066
1101057,2621027.273,3189,9분위,11.11111111,0.556157136,0,0,0.443842864,0,0,2.863636364,2.473612991,0.000280698,8259,0.008233442
1101058,5051351.774,4594,8분위,85.71428571,0.880458834,0.110182246,0,0.00935892,0,0,58.45,10.92934783,6.74E-05,10046,0.003882142
1101060,5549920.553,2075,7분위,44.44444444,0.882339001,0.006223654,0,0.111437345,0,0,124.4328358,6.477827051,0.000208017,4088,0.003913894
1101061,14317371.89,5274,7분위,35.31914894,0.092857168,0.64959419,0,0.257548642,0,2,7.341441028,6.028597908,0.000223695,7197,0.002917882
1101063,8053267.926,3392,6분위,48.33333333,0.151943236,0.848056764,0,0,0,1,2.379831933,2.955168854,9.63E-05,5089,0.003144036
1101064,4206936.368,4433,7분위,33.33333333,0.954788433,0.045211567,0,0,0,2,3.198675497,11.09796187,0.000155327,7231,0.002350989
1101073,5264591.277,9367,7분위,32.14285714,0.889434455,0.014221047,0,0.096344498,0,0,4.1875,3.933113519,0.000367445,16383,0.003723372
1101067,4041124.583,2960,5분위,48.38709677,0.38648593,0.61351407,0,0,0,0,2.079787234,2.374025974,9.39E-05,4891,0.003475772
1101068,4041124.583,4184,5분위,3.846153846,0.986940664,0.013059336,0,0,0,0,2,2.119929453,0.000188352,7911,0.001769688
1101069,4041124.583,2911,7분위,21.73913043,1,0,0,0,0,0,2.413333333,2.601648352,0.000154867,6575,0.004106464
1101070,3982535.959,3038,6분위,60.86956522,0.905361504,0.094638496,0,0,0,0,2.932806324,2.391304348,0.000141942,5837,0.002741134
1101071,3982535.959,6160,6분위,25.71428571,0.382516983,0.617483017,0,0,0,0,2.946188341,2.602416255,7.39E-05,9639,0.002489885
1102052,16831311.18,1130,9분위,50.52631579,0.44532697,0.55467303,0,0,0,0,9.635514019,12.6554,0.000167876,2250,0.006222222
1102054,18707607.72,3014,8분위,66.66666667,0.511943614,0.488056386,0,0,0,0,6.229681979,4.961062144,0.000154092,4784,0.003762542
1102055,25044111.24,1414,7분위,49.49494949,0.19771091,0.80228909,0,0,0,1,5.512893983,12.77573832,0.000176664,2884,0.003467406
1102057,6687477.802,2408,7분위,14.03508772,0.926017309,0.073982691,0,0,0,0,3.65028665,8.412358134,0.000135537,4023,0.004474273
1102058,5238698.883,2753,6분위,10.29411765,0.990725899,0.009274101,0,0,0,0,7.645962733,9.234090909,0.000171137,4590,0.003267974
1102059,8537897.952,3279,7분위,29.72972973,0.083101555,0.916898445,0,0,0,0,2.271297989,4.311470455,0.000135931,5255,0.003996194
1102060,12376092.32,1504,7분위,36.66666667,0,1,0,0,0,0,2.648576749,3.580414938,0.000138331,1738,0.003452244
1102069,6957582.833,4635,6분위,16.36363636,0.37834154,0.62165846,0,0,0,0,2.209511568,1.96064448,9.78E-05,7673,0.002085234
1102070,4472471.939,6915,6분위,15.68627451,1,0,0,0,0,0,3.364516129,4.483362522,0.000236893,13798,0.002174228
1102071,4472471.939,7802,8분위,29.16666667,1,0,0,0,0,0,3.5,3.759597806,8.75E-05,16676,0.003957784
1102072,4472471.939,6400,7분위,14.70588235,1,0,0,0,0,0,4.298076923,3.477799228,0.000131946,13588,0.002796585
1102065,4472471.939,5386,7분위,33.33333333,0.918198533,0.081801467,0,0,0,0,2.902887139,2.598633646,0.000246987,10363,0.0033774
1102073,4472471.939,4170,7분위,23.07692308,1,0,0,0,0,0,3.504273504,3.205882353,0.000182615,10266,0.004091175
1102067,6265134.615,6918,7분위,21.21212121,0,1,0,0,0,0,2.34751773,2.41723356,0.000129514,12576,0.002624046
1102068,5451064.527,5647,8분위,25,0.754047284,0.194225806,0,0.05172691,0,0,3.989690722,7.062751408,0.000106779,12035,0.004819277
1103051,4460284.113,8724,7분위,20.93023256,0.999970903,2.91E-05,0,0,0,0,2.84,3.433853739,0.000196314,16833,0.00267332
1103052,3869486.078,5384,6분위,16.32653061,0.35115629,0,0,0.64884371,0,0,1.560606061,2.604113111,9.24E-05,9456,0.003278342
1103053,7794259.506,5384,7분위,23.52941176,0.413367067,0.165665422,0,0.420967511,0,1,12.27741935,7.915270464,0.000106397,7351,0.003128826
1103071,4882629.191,11102,6분위,34.44444444,0.969924475,0.030075525,0,0,0,0,2.537530266,4.964467005,0.000212015,19471,0.002721997
1103072,6290470.006,8035,8분위,50.84745763,0.675831747,0.324168253,0,0,0,0,3.151658768,4.75196038,0.000179569,15950,0.00338558
1103057,4317064.662,6038,8분위,40.84507042,0.718033856,0.094263272,0,0.187702871,0,5,4.433962264,4.635552505,0.00027475,13751,0.003417933
1103058,4842014.238,4373,7분위,50,1,0,0,0,0,0,6.492307692,3.412872841,0.000230084,10037,0.003387466
1103059,5896927.272,5438,7분위,92.85714286,1,0,0,0,0,0,2.294117647,2.235772358,0.000213994,11863,0.002613167
1103073,10060090.03,10405,9분위,15.17241379,0.460089571,0.22693196,0,0.312978469,0,1,5.684684685,7.367698137,0.000147143,21763,0.002113679
1103063,7113315,10344,9분위,6.293706294,0.260095238,0.000417126,0,0.739487635,0,0,1.891891892,2.99037037,0.000121992,25893,0.002471711
1103064,7113315,3847,7분위,8.196721311,0.209082022,0.000502558,0,0.79041542,0,0,1.931818182,2.13618677,0.000127584,8303,0.003854029
1103065,7499570.863,3935,7분위,26.31578947,0.88913511,0.11086489,0,0,0,0,1.794117647,3.561841375,0.000151044,6392,0.004067584
1103066,7499570.863,5025,7분위,26.74418605,0.923227904,0,0,0.076772096,0,0,2.93814433,2.522727273,0.000328288,8997,0.002889852
1103074,7621903.972,11412,8분위,13.95348837,0.857849741,0.014994315,0,0.127155944,0,0,5.055335968,6.202173913,0.000208139,20389,0.002354211
1103069,4741546.552,5326,8분위,7.5,0.322619524,0,0,0.677380476,0,0,19.21428571,6.762376238,0.000208254,13051,0.003064899
1103070,6815916.59,7784,6분위,16.90140845,0.814480797,0,0,0.185519203,0,0,1.730769231,2.078972407,0.000240287,13453,0.002378652
1104052,3844616.366,7629,7분위,36.58536585,0.937574851,0.062425149,0,0,0,1,2.842105263,2.281504065,0.000135221,16475,0.003581184
1104071,4575667.779,12023,8분위,40.27777778,0.755348332,0.244651668,0,0,0,0,3.300225734,3.5947689,8.20E-05,26430,0.002307983
1104054,3620715.509,10912,7분위,29.52380952,0.968938364,0.031061636,0,0,0,2,2.710126582,3.203520692,0.000201517,22362,0.002370092
1104055,3344048.205,7801,7분위,32.72727273,0.875951543,0,0,0.124048457,0,0,2.590909091,8.436170213,0.000322378,11915,0.003021402
1104056,4200103.093,6455,8분위,59.3220339,0.912848858,0.087151142,0,0,0,0,4.715277778,6.211994421,0.000221441,13904,0.003452244
1104057,4200103.093,9483,8분위,71.42857143,1,0,0,0,0,0,1.855263158,2.378010471,0.0002131,23280,0.002534364
1104058,2238018.047,6128,8분위,50.87719298,0.769106563,0,0,0.230893437,0,0,1.275362319,1.752039152,0.00026874,15408,0.002985462
1104059,2970369.257,6713,8분위,71.73913043,1,0,0,0,0,0,2.169642857,2.666257669,0.000152915,15240,0.003805774
1104072,3948266.979,10318,8분위,85.9375,0.99514238,0.00485762,0,0,0,0,1.93902439,2.044049459,0.000121071,22735,0.002551133
1104062,4047780.186,6460,8분위,30.95238095,0.654455615,0,0,0.345544385,0,0,2.681318681,2.257709251,0.000252994,14325,0.002164049
1104073,3141338.166,11091,8분위,24.22680412,0.442621266,0,0,0.557378734,0,0,2.431372549,3.183048433,0.00021662,26033,0.002688895
1104065,5797200.635,7671,8분위,17.76649746,0.210386166,0.042851411,0.138528119,0.608234305,0,3,3.324292453,5.463414634,0.000236505,16514,0.003148843
1104066,5797200.635,6504,7분위,15.73033708,0.214905094,1.34E-05,0.395577163,0.389504324,0,1,4.7472661,5.629040404,0.000219305,12643,0.003638377
1104067,6086934.207,8455,6분위,32.47863248,0.326304457,0,0.32496918,0.348726363,0,0,5.386682243,5.846353203,0.000283308,15806,0.002593952
1104068,6086934.207,5700,7분위,23.30097087,0.020227711,0,0.979772289,0,0,0,7.43852663,7.077878434,0.000214266,10757,0.002509993
1104069,2997981.996,5572,6분위,17.33333333,0.534175825,0,0,0.465824175,0,0,3.240196078,2.769038702,0.00042807,10516,0.003233169
1104070,3405222.052,6872,6분위,7.359307359,0.749254573,0.064186447,0,0.18655898,0,3,4.01793722,5.384878049,0.000120321,11647,0.003262643
1105053,5610854.069,17039,6분위,25.86206897,0.950456114,0.049514394,2.95E-05,0,0,0,3.368794326,5.363357216,0.000254617,23138,0.003327859
1105054,4000333.213,11155,6분위,32.43243243,0.983310066,0.016689934,0,0,0,0,2.987447699,4.241860465,0.000301105,19591,0.003573069
1105055,3486295.613,8508,6분위,37.09677419,0.806476286,0.019673334,0,0.17385038,0,0,3.49103139,2.817116061,0.000192743,15496,0.002387713
1105056,3486295.613,10545,6분위,49.09090909,0.980409841,0.019590159,0,0,0,0,3.847058824,3.020895522,0.000154315,21428,0.002613403
1105057,3486295.613,8551,5분위,55,0.881558999,0,0,0.118441001,0,0,3.339950372,2.698750918,0.000372035,16135,0.002417106
1105058,3486295.613,13163,6분위,15.0862069,0.328302416,0,0,0.671697584,0,0,2.398280802,2.518409426,0.000110715,28577,0.002064597
1105059,4043867.562,6510,6분위,15.45454545,0.990856822,0.009143178,0,0,0,0,4.739495798,5.173515982,0.000123465,11301,0.00274312
1105063,2850202.756,12065,9분위,18.82845188,0.530258811,0,0,0.469741189,0,1,19.81222707,4.99025641,0.000553966,34665,0.002798211
1105064,4736206.342,11855,6분위,33.33333333,0.970855168,0.029144832,0,0,0,0,6.274131274,3.923679061,0.000220157,22285,0.002737267
1105065,4736206.342,11214,7분위,15.47619048,0.545016202,0.011176386,0,0.443807413,0,0,4.503246753,2.990466102,0.000185038,24632,0.003653784
1105066,4736206.342,11170,8분위,23.33333333,0.542549962,0.01975178,0,0.437698258,0,0,5.348148148,3.848908786,0.000319262,28073,0.003063442
1105067,4736206.342,9474,6분위,17.24137931,0.54688669,0.007216403,0.000305699,0.445591209,0,0,5.723849372,2.485188968,9.64E-05,17957,0.002171855
1105060,4195513.928,12108,6분위,33.92857143,0.944426457,0.055573543,0,0,0,1,4.031128405,2.708668076,0.000160434,21542,0.002321047
1105061,4195513.928,11685,6분위,20.14388489,0.688518255,0,0,0.311481745,0,0,4.941463415,2.886310905,0.00019798,26522,0.003091773
1105062,4195513.928,12201,8분위,35.29411765,0.782467643,1.61E-05,0,0.217516265,0,2,6.955357143,4.20815389,0.000228435,28654,0.002093948
1106081,4287970.705,18390,6분위,32.91925466,0.884842988,0.115157012,0,0,0,0,3.168083715,4.699431506,0.000107615,31619,0.002150606
1106082,3442068.759,13286,6분위,25.42372881,0.943729619,0.056270381,0,0,0,2,2.593001842,2.428601122,0.000129736,24617,0.002559207
1106083,3529175.337,15185,7분위,35.29411765,0.879332964,0.120667036,0,0,0,0,2.522796353,2.52991453,0.000166514,29198,0.00284266
1106084,3529175.337,7805,7분위,10.46511628,0.979495215,0.020504785,0,0,0,0,2.588709677,4.164505673,0.000271752,18557,0.002640513
1106091,3314394,12898,7분위,38.27160494,0.914256431,0.085743569,0,0,0,0,1.740797546,2.958316633,0.000319228,28991,0.002276569
1106086,3314394,12848,7분위,17.64705882,0.95068573,0.04931427,0,0,0,0,3.330383481,2.822169059,0.000137708,28334,0.002294064
1106087,3766918.312,18258,6분위,36.8,0.820173117,0.081963297,0,0.097863586,0,0,3.06416185,3.457554833,0.000300807,38241,0.002144295
1106088,3766918.312,14016,6분위,37.6146789,0.883294168,0.111529796,0,0.005176037,0,0,3.505050505,3.155378486,0.000591932,32484,0.001939416
1106080,3673244.923,10036,6분위,34.16666667,0.939493278,0.060506722,0,0,0,2,2.194736842,4.574505239,0.000204559,18813,0.003401903
1106071,3935466.236,6296,7분위,13.15789474,0.991622483,0.008377517,0,0,0,0,2.8,8.256285483,0.000240782,10498,0.003143456
1106072,3182308.051,7186,6분위,34.92063492,0.919873057,0.01344962,0,0.066677323,0,0,2.452991453,2.913527397,0.000208759,13927,0.002872119
1106073,3182308.051,11851,7분위,31.42857143,0.934810306,0,0,0.065189694,0,0,3.026086957,3.296129032,0.000339584,24115,0.003607713
1106089,3406902.42,10572,7분위,25,0.943198696,0.021435349,0,0.035365955,0,0,2.458333333,4.180802104,0.000423319,18019,0.003551806
1106090,3406902.42,8712,7분위,30.43478261,0.845116381,0.012156804,0,0.142726815,0,0,3.154471545,2.156587473,0.000262012,19987,0.003652374
1107052,2965484.148,12298,5분위,33.76623377,0.897579964,0,0,0.102420036,0,0,2.878014184,2.226862302,0.00023567,24049,0.002079089
1107054,2965484.148,8959,6분위,27.5862069,0.668422014,0,0,0.331577986,0,0,1.423184358,2.581866197,0.00030118,19029,0.002417363
1107055,2965484.148,6602,5분위,21.42857143,0.610492057,0,0,0.389507943,0,0,4.267100977,2.37236534,0.000235285,14784,0.003246753
1107071,2965484.148,17765,5분위,40.47619048,1,0,0,0,0,0,2.767741935,1.983000739,0.000142738,33478,0.001941574
1107057,2965484.148,10708,6분위,17.5,0.55519046,0.041815987,0,0.402993553,0,0,3.048,2.311630847,0.000260382,21756,0.001976466
1107072,2965484.148,12759,5분위,23.92638037,0.568326369,0.014044564,0,0.417629067,0,0,2.691743119,2.873599283,9.07E-05,24759,0.002625308
1107059,3513040.268,10297,6분위,23.86363636,0.859254508,0.032527822,0,0.10821767,0,0,2.004,3.92768595,0.000114729,24046,0.003160609
1107060,3513040.268,11702,6분위,30.76923077,0.783003839,0.203346964,0,0.013649196,0,0,2.08988764,3.085167074,0.000128986,20341,0.002064795
1107061,2917095.468,9121,6분위,21.875,0.865259167,0,0,0.134740833,0,0,3.255639098,2.779060816,0.000167574,19611,0.002702565
1107062,2917095.468,13880,5분위,34.65346535,0.740342963,0,0,0.259657037,0,0,2.818574514,2.705799151,0.000163127,24875,0.002170854
1107064,3095646.561,14972,7분위,35,0.820245459,0.043851697,0,0.135902845,0,0,3.557003257,2.555720654,0.000323626,34443,0.003484017
1107065,3095646.561,9338,6분위,28.35820896,0.763551955,0,0,0.236448045,0,0,2.959183673,1.930731707,0.000321139,18718,0.002617801
1107073,2589256.954,15073,6분위,27.39273927,0.550137262,0.047342631,0,0.402520106,0,0,3.375426621,2.820243833,0.000166247,32155,0.001865962
1107068,2589256.954,8431,5분위,13.04347826,0.675153913,0,0,0.324846087,0,0,3.401002506,2.630866426,0.000213994,16359,0.002139495
1107069,1527124.739,14806,6분위,30.859375,0.586494403,0.002368784,0,0.411136813,0,0,6.245421245,4.430099594,0.000369613,38512,0.003661197
1107070,1527124.739,9076,7분위,23.65591398,0.665265677,0.007868289,0,0.326866034,0,0,1.669767442,5.090976883,0.000333025,20435,0.00337656
1108081,4263811.301,8225,7분위,20.62937063,0.654674706,0.007976528,0,0.337348767,0,0,2.662420382,3.594611145,0.000165495,16522,0.002421014
1108082,4385641.343,11689,7분위,48.91304348,0.920709471,0.079290529,0,0,0,0,2.699115044,4.623849189,0.000216503,22871,0.003454156
1108083,4514434.778,9347,6분위,27.39726027,0.886423471,0.113576529,0,0,0,0,4.138554217,3.893481717,0.000142664,15480,0.002196382
1108058,2189700.069,6236,7분위,28.57142857,0.999999855,1.45E-07,0,0,0,0,6.354166667,2.784375,0.000142917,14687,0.002995847
1108059,2189700.069,8735,8분위,81.25,1,0,0,0,0,0,1.78,3.264260768,0.000154418,23825,0.003693599
1108060,3897044.409,9202,6분위,26.31578947,1,0,0,0,0,0,2.732057416,8.022118743,0.000342037,14936,0.002611141
1108061,4292527.614,7827,7분위,21.42857143,0.999834695,0.000165305,0,0,0,0,3.586034913,3.810966811,0.000143686,15416,0.002594707
1108062,2226764.664,7502,7분위,43.18181818,1,0,0,0,0,0,2.972972973,2.051464064,0.000154364,18178,0.003410716
1108063,2208232.366,9882,6분위,44.44444444,0.682496245,0,0,0.317503755,0,0,2.340277778,2.352895149,0.000157861,23048,0.003731343
1108064,2226764.664,8011,6분위,10.78167116,0.346486725,0,0,0.653513275,0,0,1.819672131,5.632608696,0.000176795,15046,0.002592051
1108065,2226764.664,10979,7분위,11.18210863,0.220561261,0,0,0.779438739,0,0,2.714285714,3.360968452,0.000233511,24873,0.002532867
1108066,4146701.609,12775,8분위,39.24050633,1,0,0,0,0,3,1.782608696,2.853691275,0.00025113,35462,0.00386329
1108068,3782114.25,7118,7분위,39.65517241,0.7383167,0.2616833,0,0,0,0,2.451612903,3.322520274,0.000184997,16653,0.002702216
1108084,2819509.137,17435,7분위,42.46575342,1,0,0,0,0,0,2.559546314,3.039501932,0.000391989,38809,0.003040532
1108071,3417526.891,10916,7분위,30.86419753,1,0,0,0,0,0,3.404040404,3.132772021,0.000206995,26335,0.002885893
1108072,3068132.634,9615,7분위,26.47058824,1,0,0,0,0,0,3.117647059,5.59350057,0.000239027,19442,0.003343277
1108076,2807701.103,9162,5분위,62.85714286,0.998797634,0,0,0.001202366,0,0,2.638356164,1.83461868,0.000180923,24315,0.002303105
1108077,2807701.103,6593,5분위,40.29850746,0.941419245,0.058580755,0,0,0,0,2.864628821,2.363888889,0.000273733,13740,0.002401747
1108078,2807701.103,7094,7분위,53.84615385,0.957362307,0.020271358,0,0.022366336,0,0,3.03125,2.711297071,0.000166038,15855,0.002081362
1108085,2607654.117,16697,6분위,18.49710983,0.946718357,0.007606345,0,0.045675297,0,0,3.508196721,2.712643678,0.000387474,35035,0.002711574
1109069,2913739.701,11377,6분위,42.85714286,0.90788928,0,0,0.09211072,0,0,3.033962264,2.544333076,0.000135066,23629,0.00241229
1109070,2913739.701,11775,5분위,27.95698925,0.97556883,0.02443117,0,0,0,0,2.955357143,2.987506247,0.000123214,21504,0.002232143
1109071,2913739.701,14073,6분위,71.28712871,0.975159284,0.024840716,0,0,0,0,2.578804348,2.94009043,0.00019535,29478,0.00254427
1109072,2913739.701,13795,6분위,31.11111111,0.99250832,0.00749168,0,0,0,1,2.785585586,2.941484301,0.000181425,26380,0.002084913
1109073,2913739.701,11742,7분위,51.61290323,1,0,0,0,0,0,1.747126437,2.12215478,0.000244156,31361,0.003443768
1109060,2338145.603,10476,5분위,42.42424242,0.901094581,0.098756734,6.58E-07,0.000148027,0,0,3.407407407,4.174765938,9.34E-05,18353,0.001852558
1109061,2338145.603,7659,5분위,56.84210526,0.91831522,0,0,0.08168478,0,0,4.31292517,4.049673203,0.000201049,15847,0.002965861
1109062,2338145.603,7579,6분위,39.09090909,0.976596838,0,0,0.023403162,0,0,4.893939394,2.672032193,0.000254954,16846,0.002255728
1109063,2311819.793,10452,5분위,25.74850299,0.409382331,0.040004012,0,0.550613656,0,0,2.378640777,2.950058072,0.000150305,20639,0.001938078
1109064,2311819.793,9731,6분위,29.8245614,1,0,0,0,0,0,2.781420765,2.475376197,0.00017764,21278,0.002772817
1109065,2311819.793,12998,5분위,48.61111111,0.924039784,0.075960216,0,0,0,0,2.713483146,3.093782563,0.000205502,22983,0.001740417
1109074,1901743.344,9647,6분위,5.252918288,0.094145148,0,0,0.905854852,0,0,3.93902439,3.495333812,0.000197734,20542,0.002726122
1109075,2311819.793,14563,5분위,16.76829268,0.419850098,0.013419405,0,0.566730497,0,0,2.275071633,3.119872136,0.000255434,30342,0.002405906
1110059,2689290.684,10877,7분위,30.68181818,0.54814506,0.034890533,0.000891597,0.41607281,0,0,2.541353383,2.013446215,0.000275874,24706,0.003319032
1110060,2689290.684,12458,6분위,47.61904762,0.055406277,0.000726668,0.899535708,0.044331348,0,0,3.276056338,2.291291291,0.000275563,29099,0.002955428
1110061,2689290.684,6654,5분위,40.29850746,0.60458552,0,0.000145174,0.395269306,0,1,2.543956044,1.934782609,0.000181468,13836,0.003035559
1110062,2689290.684,10753,7분위,54.73684211,0.530412436,0.13615886,0.154223483,0.179205221,0,3,9.739837398,3.90328152,0.000202177,26496,0.003057065
1110063,2689290.684,10266,7분위,37.14285714,0.662159146,0.024606233,0.313234621,0,0,0,2.520958084,2.897058824,0.000375017,24607,0.00316983
1110064,1853731.134,10426,5분위,5.389908257,0.090947152,0,0,0.909052848,0,0,2.554179567,2.934758772,0.000298141,21072,0.002325361
1110065,1853731.134,12123,6분위,68.6746988,0.430387579,0.002939239,0.229960946,0.336712236,0,0,2.134782609,4.038227147,0.000357221,26837,0.002869173
1110051,2216785.959,9441,5분위,45.96774194,0.966480707,0,0,0.033519293,0,0,2.717514124,3.3640625,0.000366714,21380,0.003086997
1110052,2216785.959,8673,5분위,38.88888889,0.99999901,0,9.90E-07,0,0,0,3.572115385,3.422554348,0.000184133,18728,0.003096967
1110053,2216785.959,7896,5분위,34,0.944789538,0.055209305,1.16E-06,0,0,0,2.968152866,3.353913043,0.000149076,16614,0.003491032
1110054,2216785.959,7196,6분위,44.23076923,1,0,0,0,0,0,2.4,2.470728793,0.000181448,18606,0.002741051
1110055,2369877.572,12737,6분위,69.56521739,0.675052385,0.018642386,0.241599385,0.064705845,0,0,3.303951368,4.751031121,0.000183222,28673,0.002894709
1110056,2369877.572,9509,5분위,40.54054054,0.534279458,0,0,0.465720542,0,0,2.450704225,1.958204334,0.000211648,19669,0.002999644
1110057,2369877.572,10068,6분위,17.9389313,0.380148282,0,0,0.619851718,0,0,4.025641026,2.494481236,0.000156197,27043,0.003069186
1111051,1945831.48,10472,6분위,61.20689655,0.658904052,0.012751784,0,0.328344164,0,0,3.015463918,3.510133179,0.000239937,21602,0.002777521
1111052,1945831.48,12063,6분위,32.4742268,0.308317217,0,0,0.691682783,0,0,2.581395349,2.775822494,0.000248312,26568,0.003011141
1111053,1945831.48,13009,7분위,37.60683761,0.527935803,0.293299539,0,0.178764658,0,0,2.6,2.967496542,0.000194687,29885,0.003045006
1111079,2580652.922,18300,6분위,48.22695035,0.800184967,0.029271971,0,0.170543062,0,0,4.199178645,3.571754636,0.000256013,36610,0.002731494
1111056,2580652.922,16502,7분위,12.02346041,0.207791793,0,0,0.792208207,0,6,4.653266332,4.755677369,0.000528441,40374,0.002798831
1111058,1997674.035,11662,7분위,31.61290323,0.740150119,0,0,0.259849881,0,0,4.364238411,5.673497268,0.000234562,26562,0.002635344
1111059,1997674.035,8303,7분위,52.94117647,0.898736733,0,0,0.101263267,0,0,1.571428571,2.220979021,0.000191057,21977,0.003458161
1111060,2191269.551,8624,8분위,10.15228426,0.376418416,0.002338701,0,0.621242884,0,0,2.265151515,3.480527638,0.000247769,23955,0.002588186
1111061,2191269.551,9073,8분위,28.57142857,0.953269596,0,0,0.046730404,0,2,1.672131148,3.137784091,0.00023913,26778,0.003510344
1111064,2477731.72,8476,7분위,4.705882353,0.448737059,0,0,0.551262941,0,0,3.222222222,3.027840482,0.000249508,19928,0.002709755
1111078,2191269.551,15408,6분위,46.66666667,0.872635165,0.036386975,0,0.09097786,0,0,2.086614173,2.870833333,0.000115989,34196,0.002105509
1111065,2764193.889,15655,7분위,9.430604982,0.235774221,0.005883159,0,0.75834262,0,0,3.548148148,2.906659389,0.000387616,38126,0.002072077
1111066,2764193.889,8798,7분위,62.29508197,0.982547686,0.017377349,0,7.50E-05,0,10,3.857798165,3.291371539,0.000187872,19980,0.002202202
1111076,2764193.889,12221,6분위,4.752475248,0.162990407,0,0,0.837009593,0,0,2.305164319,2.646699267,0.00022016,26166,0.002254835
1111069,2764193.889,11023,6분위,28.71287129,0.686475265,0,0,0.313524735,0,3,1.675291074,2.634023221,0.000140369,23940,0.002589808
1111077,2764193.889,13946,7분위,45.04504505,0.772827563,0.05255394,0,0.174618497,0,1,4.174603175,6.917513683,0.000196973,32641,0.003094268
1111072,2764193.889,9169,7분위,29.85074627,0.887748396,0,0,0.112251604,0,0,1.104166667,2.43556701,0.000334012,22547,0.003858606
1111073,2764193.889,8424,6분위,38.27160494,0.796591947,0,0,0.203408053,0,0,2.158730159,2.78725591,0.000205212,20444,0.003032675
1111074,2764193.889,7083,7분위,43.75,0.698429208,0.004732181,0,0.296838611,0,0,2.025,3.128534704,0.000164637,18677,0.003158966
1112051,3048223.532,17479,7분위,23.46368715,0.665775874,0.000496633,0,0.333727493,0,1,5.192546584,4.411829537,0.00022904,36807,0.002635368
1112052,3067343.486,17969,7분위,16.61341853,0.384860691,0.016937378,0,0.598201931,0,0,1.604878049,3.028143441,0.000188371,38518,0.002985617
1112072,3067343.486,13956,5분위,22.46376812,0.576942655,0.026722359,0,0.396334985,0,0,1.764705882,2.649971215,0.000338619,27545,0.001996733
1112055,3147416.252,11152,6분위,52.57731959,0.711623753,0.02766642,0,0.260709826,0,0,1.829787234,2.682162162,0.000153235,21876,0.003062717
1112056,3147416.252,12643,6분위,37.5,0.840875572,0.011820533,0,0.147303895,0,7,2.5917603,2.927263969,0.000323159,28240,0.002160057
1112057,2661264.881,13401,6분위,26.8115942,0.720866929,0,0,0.279133071,0,0,2.130801688,3.248436612,0.000215035,32207,0.002080293
1112058,4048094.129,14312,6분위,54.11764706,0.926020633,0.073979367,0,0,0,1,2.186046512,2.384987113,0.00018546,26881,0.002641271
1112059,3293769.148,14058,6분위,23.33333333,0.987907757,0.012092243,0,0,0,0,5.903225806,3.134917268,0.00026403,32960,0.002154126
1112060,3293769.148,11005,7분위,46.15384615,0.980317635,0.019682365,0,0,0,0,3.220338983,2.329331046,0.000236886,27912,0.002901978
1112073,3293769.148,12765,5분위,50.79365079,0.892159423,0.107840577,0,0,0,0,3.965116279,2.253961068,0.000124306,24336,0.00295858
1112074,3207223.389,20857,6분위,37.93103448,0.964467051,0,0,0.035532949,0,0,3.062770563,2.447756607,0.000229733,45384,0.002489864
1112065,8314183.794,11838,6분위,30.95238095,0.816889867,0,0,0.183110133,0,0,4.408695652,2.362186788,0.000110715,27031,0.002404647
1112066,8314183.794,9044,6분위,36,0.780084266,0,0,0.219915734,0,3,2.225274725,2.05274374,0.00024434,20211,0.003067636
1112067,3131777.961,6891,6분위,25.92592593,0.981017293,0.018928084,0,5.46E-05,0,0,4.06,3.141422594,0.000153779,14909,0.004561003
1112068,3526276.008,4737,7분위,22.48062016,0.619733778,0.016731408,0,0.363534814,0,0,2.090909091,3.664295875,0.000316759,12692,0.002678853
1112071,1029029.479,21642,8분위,9.800520382,0.196008159,0.011910746,0,0.792081095,0,0,2.615853659,4.319206189,0.000507882,55798,0.002831643
1113052,3447558.268,8016,8분위,54.63917526,0.878172481,0.010979167,0,0.110848352,0,0,2.980392157,2.871720117,9.67E-05,17121,0.002803575
1113074,8199461.875,7469,8분위,34.7826087,0.980055049,0.019944951,0,0,0,0,2.165517241,2.32111001,0.000186043,15930,0.002197112
1113073,4811804.283,10379,7분위,58.03571429,0.953853427,0.046146573,0,0,0,0,4.738963532,8.681083266,0.000233318,20355,0.002210759
1113075,5568250.522,13316,7분위,34.98098859,0.943785532,0.054253902,0,0.001960567,0,0,2.164948454,6.798661681,0.000394544,19752,0.003290806
1113076,2767558.692,18862,7분위,29.83606557,0.949340544,0,0,0.050659456,0,0,4.369905956,3.821025476,0.000270752,34976,0.002315874
1113062,2919396.744,10489,7분위,37.39837398,0.983099745,0.016900255,0,0,0,2,9.352941176,3.066619419,0.000124798,23676,0.002196317
1113064,2919396.744,7117,6분위,53.08641975,0.519933915,0.014434574,0,0.46563151,0,0,2.191666667,2.865399842,0.000126662,15336,0.002608242
1113065,2919396.744,5908,7분위,13.33333333,0.529842644,0,0,0.470157356,0,0,5.796296296,2.510967742,0.000138973,13703,0.002992046
1113066,2278213.691,9716,7분위,24.6835443,0.49395787,6.61E-06,0,0.506035521,0,0,2.116438356,2.15903976,0.000223752,22697,0.00334846
1113068,2278213.691,12304,6분위,44.66019417,1,0,0,0,0,0,1.742647059,3.546434991,0.000161551,26496,0.002943841
1113069,4006575.286,5889,8분위,37.25490196,0.94459637,0.05540363,0,0,0,0,2.58490566,2.864594895,0.000241965,15409,0.003115063
1113070,4006575.286,13308,7분위,41.55844156,1,0,0,0,0,0,3.073684211,2.758360302,0.000296602,29780,0.002081934
1113071,3293268.063,6990,8분위,32.72727273,0.9999849,0,0,1.51E-05,0,0,2.815789474,2.497171146,0.000179368,18009,0.003831418
1113072,3293268.063,14785,6분위,46.42857143,1,0,0,0,0,0,3.074918567,2.267651888,0.000207257,31579,0.002596662
1114078,5854590.352,10610,9분위,48.68421053,0.974834757,0.025165243,0,0,0,0,3.067669173,5.731611208,0.000181961,25233,0.003328974
1114077,6112392.673,18628,8분위,46.53465347,0.948947564,0.051052436,0,0,0,2,10.42938931,4.762818591,0.000182158,37164,0.002852223
1114075,6070158.303,9539,8분위,59.67741935,0.925901563,0.073961848,0,0.000136589,0,1,4.754807692,5.707466758,0.000298455,21151,0.003167699
1114059,5503894.29,9300,8분위,28.57142857,0.901777151,0.098222675,0,1.74E-07,0,1,10.04109589,5.527662875,0.000160516,21619,0.002451547
1114060,6187481.896,8385,7분위,63.2183908,0.934736262,0.065263738,0,0,0,0,2.653846154,5.148531012,0.000146135,14517,0.001859888
1114061,5676179.979,5677,8분위,25,0.999999999,9.02E-10,0,0,0,0,2.366197183,4.915942029,0.000204709,16817,0.003211036
1114063,4579542.836,10213,8분위,29.48717949,0.999999941,0,0,5.90E-08,0,4,3.192307692,3.03282588,0.000308982,22489,0.002890302
1114076,4766458.048,11619,8분위,47.5862069,0.738584712,0,0,0.261415288,0,0,6.698113208,3.627465575,0.000291682,24938,0.002606464
1114066,8922764.356,14891,7분위,65.45454545,0.925156996,0.074843004,0,0,0,0,6.04375,4.62629199,0.000225782,24826,0.001893177
1114068,5882190.515,10285,7분위,26.1627907,0.463962421,0.019800587,0,0.516236992,0,0,3.4875,3.32581671,0.000252108,17311,0.002426203
1114069,5419461.271,10513,6분위,22.12389381,0.489029962,0,0,0.510970038,0,0,3.524271845,2.21322691,0.000234012,20041,0.002145602
1114070,5419461.271,8571,6분위,52.23880597,0.804879286,0,0,0.195120714,0,0,2.62704918,2.336297943,0.000354186,18567,0.003393117
1114071,6042905.864,8854,6분위,32.8125,1,0,0,0,0,0,4.291666667,2.601662626,0.000260417,14914,0.003218452
1114072,4125154.454,9419,6분위,38.75,1,0,0,0,0,0,8.643037975,3.65750829,0.000162507,18930,0.002852615
1114073,3690782.675,19041,7분위,26.08695652,0.67290166,0.029055181,0,0.29804316,0,1,1.458144796,4.965475713,0.000217037,39608,0.003004444
1114074,2988536.828,12766,8분위,13.57142857,0.121706239,0.054943298,0,0.823350463,0,0,8.185365854,12.73130123,0.000358643,30780,0.002729045
1115051,3861777.213,10556,9분위,30.4964539,0.465575351,0.195432116,0,0.338992533,0,0,9.591836735,6.029878869,0.00027917,30750,0.002308943
1115052,3861777.213,13239,7분위,21.3592233,0.706156985,0,0,0.293843015,0,2,2.75,2.659955257,0.0002395,29903,0.002240578
1115053,3861777.213,10117,7분위,15.09433962,0.990535775,0,0,0.009464225,0,0,3.02,2.637781629,0.000218904,21815,0.002796241
1115054,3861777.213,10128,7분위,21.05263158,1,0,0,0,0,0,2.400921659,2.270224719,0.0002875,25372,0.002837774
1115071,3861777.213,13578,9분위,32.59668508,0.7401179,0.083030212,0.041557355,0.135294533,0,0,5.797979798,4.388763027,0.000457927,41239,0.004122311
1115057,2537172.633,10203,5분위,21.53846154,1,0,0,0,0,0,3.331695332,2.468050246,0.000204199,20422,0.00230144
1115058,2537172.633,8607,6분위,31.14754098,0.999466024,0.000533976,0,0,0,0,5.951048951,2.354041916,0.000137701,20665,0.002709896
1115059,2537172.633,8040,5분위,19.54022989,0.598737033,0,0,0.401262967,0,0,2.945244957,3.8,0.00029751,15191,0.003357251
1115060,2537172.633,6961,6분위,21.15384615,1,0,0,0,0,0,3.372781065,2.372562674,0.000749061,17926,0.003904943
1115061,2537172.633,6487,6분위,27.53623188,0.760709879,0,0,0.239290121,0,0,3.282051282,3.390942699,0.000600779,14615,0.002257954
1115062,2537172.633,5226,6분위,58.53658537,0.906894282,0,0,0.093105718,0,0,2.813084112,1.757420676,0.000218792,13893,0.003670913
1115063,2537172.633,9234,5분위,21.8487395,0.615583371,0,0,0.384416629,0,0,4.134328358,3.032471836,0.000291206,19783,0.002375777
1115064,3690741.339,7213,9분위,48.57142857,0.936763019,0.039229224,0,0.024007757,0,0,8.140495868,3.535249829,0.000221632,20374,0.003533916
1115065,3690741.339,7141,8분위,44.23076923,0.854030369,0,0,0.145969631,0,0,1.773109244,2.858431645,0.000477822,19491,0.003694013
1115066,3690741.339,17831,7분위,36.02941176,0.504708313,0.047675333,0,0.447616354,0,0,2.38372093,3.211071544,0.000367042,49627,0.002962097
1115072,3690741.339,16066,6분위,23.76237624,0.993026786,0.006973214,0,0,0,0,8.587234043,3.338830948,0.000265123,32698,0.002507799
1115069,3690741.339,8300,9분위,34.375,0.682212184,0.143093146,0,0.17469467,0,0,10,6.113682093,0.00019693,24528,0.003302348
1115070,3690741.339,11604,8분위,27.27272727,0.665251336,0.041805039,0.01687532,0.276068305,0,0,1.754385965,3.586705202,0.000146365,29010,0.0035505
1116051,3631703.707,15820,8분위,32.18390805,0.157142443,0,0.421580891,0.421276665,0,0,9.960629921,4.817798101,0.000338173,41637,0.002665898
1116052,4013763.736,13153,7분위,45.3125,0.354631916,0.035740998,0.609626785,3.02E-07,0,0,10.57786885,6.127625202,0.000182478,24239,0.002186559
1116053,4013763.736,8766,7분위,7.608695652,1,0,0,0,0,0,3.368,3.269797422,0.00020188,20303,0.003694035
1116054,4013763.736,15067,7분위,75.94936709,0.825241999,0.004978072,0.059101105,0.110678823,0,3,6.444444444,6.223709993,0.000158344,30544,0.00288109
1116073,3336648.082,26338,6분위,33.03571429,0.847267568,0.152732432,0,0,0,0,4.066176471,2.384359401,0.000237666,51801,0.002548213
1116057,3336648.082,7957,5분위,64.44444444,1,0,0,0,0,0,2.631578947,2.153913043,0.000135196,17840,0.00235426
1116058,3336648.082,9239,7분위,30.18867925,0.971670063,0.028321467,0,8.47E-06,0,0,3.562913907,2.507472385,0.000213502,21525,0.003019744
1116059,3336648.082,9638,5분위,37.80487805,1,0,0,0,0,0,2.394366197,2.218658892,0.000342245,20532,0.002094292
1116055,3336648.082,18579,5분위,33.67346939,0.913513027,0.086486973,0,0,0,0,2.280952381,2.257244535,9.54E-05,34202,0.00210514
1116061,3336648.082,11873,7분위,28.82882883,0.93760805,0.06239195,0,0,0,0,8.293333333,4.560286867,0.000141376,24869,0.002694117
1116063,3336648.082,11583,6분위,58.49056604,0.964369835,0.035630165,0,0,0,0,2.606666667,2.499374218,0.000243978,24383,0.002501743
1116064,3315628.21,20072,7분위,16.80851064,0.098657154,0.068043054,0.278264003,0.555035789,0,3,8.992526158,6.941258591,0.00030696,34115,0.003664077
1116065,3663991.407,8052,7분위,24,0.351155583,0.026303925,0.054738906,0.567801585,0,0,3.397058824,3.689125296,0.000181118,14026,0.00242407
1116066,3663991.407,7912,7분위,40,0.689559017,0,0.245111876,0.065329107,0,0,13.42857143,5.54973357,0.000223457,15040,0.002792553
1116067,2545244.617,13523,7분위,28.57142857,0.376481244,0.109337097,0.061108564,0.453073095,0,3,7.38547486,4.610052825,0.000332087,36416,0.002800967
1116074,3349130.865,16129,8분위,27.94117647,0.988089409,0.011910591,0,0,0,0,2.771260997,2.862021228,0.000230979,42923,0.003284952
1116069,1498779.739,12784,6분위,7.911683533,0.114501584,0.003079939,0,0.882418476,0,32,4.22265625,12.89461449,0.000180816,30842,0.002366902
1116070,2800111.404,17489,7분위,32.43243243,0.85944846,0.093773289,0.005562849,0.041215402,0,0,2.72260274,3.122103387,0.000420702,42932,0.003703531
1116071,1490670.37,11644,6분위,10.60842434,0.137596706,0.00593789,0,0.856465404,0,0,6.162055336,4.069586914,0.000225479,23355,0.00261186
1116072,2554612.368,11330,7분위,9.411764706,0.275930741,0,0,0.724069259,0,0,3.712765957,3.637887678,0.000382507,22791,0.003027511
1117051,3117923.208,13483,8분위,36.05442177,0.356036259,0.030632526,0.322782207,0.290549008,0,0,3.26754386,4.334405145,0.000388153,36049,0.003134622
1117052,3182733.953,8364,7분위,32.35294118,1.41E-08,0,0.863007784,0.136992202,0,0,3.37962963,2.733333333,0.000360871,20827,0.00470543
1117071,3182733.953,12794,6분위,26.70454545,0.524783066,0,0.354846417,0.120370517,0,4.5,3.115357396,3.324839219,0.000118977,23802,0.00243677
1117054,3182733.953,13227,6분위,51.96078431,0.211017296,0.018397987,0.770584718,0,0,2.666666667,10.48611111,8.476806792,0.000413523,23529,0.002422542
1117055,3182733.953,10711,6분위,45.65217391,0.942740087,0.057259913,0,0,0,0,2.384615385,2.729534147,0.000153341,19667,0.002338943
1117056,3182733.953,14707,7분위,44.66019417,0.643390317,0.258014877,0.043017971,0.055576835,0,0,10.0760095,4.601545894,0.000201932,29212,0.003149391
1117070,3243420.654,6040,5분위,30,0.772493631,0,0.227506369,0,0,0,12.44036697,2.677777778,0.000222117,8958,0.002679169
1117061,2762216.414,9619,6분위,29.31034483,0.298576104,0,0.561267643,0.140156253,0,0,2.453362256,3.558693733,0.000271047,22337,0.003133814
1117062,2762216.414,11610,6분위,38.23529412,0.781332608,0,0.046652632,0.17201476,0,0,2.205821206,2.178294574,0.000159791,26631,0.002703616
1117072,2795023.863,14937,6분위,48.09160305,0.707691387,0.013073733,0.180797511,0.098437369,0,0,2.31626506,2.442481884,0.000182604,33775,0.002368616
1117064,2795023.863,12605,7분위,40,0.92665085,0,0.016719973,0.056629178,0,1,2.380208333,2.15726817,0.000476991,30894,0.003139768
1117065,2795023.863,8842,6분위,33.33333333,0.672453187,0,0,0.327546813,0,0,4.021390374,6.224818695,0.000332818,20222,0.00227475
1117067,2519453.233,11785,6분위,52.54237288,0.602064572,0.196876962,0.14270241,0.058356056,0,0,6.466216216,2.656782334,0.000318751,22540,0.002173913
1117068,1706725.029,21764,6분위,37.39130435,0.447480984,0,0.037736752,0.514782265,0,0,2.505415162,3.495875949,0.000446389,54805,0.002663991
1117069,1866847.663,9967,6분위,29.58801498,0.518314796,0,0.035786445,0.445898759,0,0,4.785498489,3.308163265,0.000608136,23506,0.003148132
1118051,2880627.315,15924,6분위,51.19047619,0.072464341,0.008900234,0.815318892,0.103316533,0,2,9.062414889,6.90274278,0.00034332,23669,0.002239216
1118052,2912587.358,21131,7분위,38.27751196,0.253254732,0.016443839,0.598652186,0.131649244,0,0,6.031890661,3.917035656,0.000367162,44873,0.002897065
1118053,2912587.358,9436,5분위,25,0.984987929,0.015012071,0,0,0,0,2.879432624,2.699759808,0.00023345,18706,0.001871057
1118054,2912587.358,12553,5분위,34.7826087,0.999994752,0,5.25E-06,0,0,0,2.707317073,2.535901094,0.000193736,24152,0.002442862
1118055,2912587.358,7657,5분위,33.89830508,0.972975615,0.027024166,2.19E-07,0,0,0,3.382550336,2.25298988,0.000160305,15142,0.002311452
1118057,2695862.299,16124,6분위,32.16374269,0.455168407,0.044578032,0.398476128,0.101777433,0,0,3.555555556,3.770571429,0.00033589,32826,0.002223847
1118058,2695862.299,8474,7분위,22.22222222,0.360892138,0,0,0.639107862,0,0,2.538461538,2.54969574,0.000573128,21228,0.003627285
1118059,2695862.299,4771,6분위,19.62616822,0.371225267,0,0.187489032,0.441285701,0,0,2.409921671,2.536431227,0.00063745,10800,0.003333333
1118060,2695862.299,9154,5분위,29.88505747,0.969186851,0,0,0.030813149,0,0,2.103030303,1.991053678,0.000222365,20249,0.002617413
1118061,2695862.299,9414,5분위,28.05755396,0.430582587,0,0,0.569417413,0,0,1.927038627,2.556853583,0.000308174,19166,0.003026192
1119073,3468014.068,10338,7분위,22.54901961,0.560570913,0.021520137,0.34479787,0.07311108,0,0,2.73964497,3.372079772,0.000239384,21254,0.003058248
1119074,6793887.159,18953,7분위,48.41269841,0.500770907,0.285891673,0.21333735,7.04E-08,0,1,1.337203618,4.577514793,0.000111972,29233,0.00246297
1119054,11512019.01,13784,9분위,12.73809524,0.073892621,0.266494613,0,0.659612766,0,1.25,18.84008529,11.84282666,0.000468679,33071,0.003477367
1119055,4944243.601,10797,7분위,41.33333333,0.053956342,0,0.946043658,0,0,0,3.391699092,4.596866398,9.52E-05,20300,0.003251232
1119056,4026173.807,18478,8분위,33.5483871,0.204436175,0.053012707,0.36368047,0.378870648,0,2,9.268235294,5.8203082,0.000310885,37520,0.003224947
1119075,2725228.732,9436,7분위,33.70786517,0.499920164,0,0.481742574,0.018337262,0,0,1.95202952,2.124651811,0.000173686,17730,0.002312465
1119076,3989823.765,13355,8분위,44.29530201,0.012961557,0.044341914,0.783756453,0.158940076,0,0,3.397096499,7.463082437,0.00032623,32627,0.003156895
1119061,4234000.863,9134,7분위,28.40909091,0,0,0.741895345,0.258104655,0,0,4.522364217,5.234891407,0.000176741,18197,0.003517063
1119062,2958620.5,10325,7분위,16,0.145095477,0.00170659,0.252699728,0.600498204,0,0,8.533834586,6.176434862,0.000204156,22301,0.003318237
1119063,3581482.826,10413,6분위,42.42424242,0.935381642,0.064618353,0,4.53E-09,0,0,1.952095808,3.19245283,0.000392465,17342,0.00282551
1119065,3581482.826,7653,7분위,59.61538462,0.932944876,0.06705484,2.84E-07,0,0,0,2.41509434,2.078026906,0.00015424,16561,0.002234165
1119066,3581482.826,5042,6분위,34.21052632,0.959134104,0.040865896,0,0,0,0,2.52238806,2.325497288,0.000144801,12324,0.003326842
1119067,3532110.072,4997,6분위,72.34042553,1,0,0,0,0,2,2.688172043,3.094098884,0.00018075,10611,0.002921497
1119068,3581482.826,9247,6분위,58.46153846,1,0,0,0,0,0,2.906832298,3.182242991,0.000201531,19076,0.003302579
1119069,3581482.826,7911,7분위,43.75,0.979955819,0.019959801,0,8.44E-05,0,2,3.75,3.509209101,0.000251094,19968,0.002453926
1119070,3482737.318,7219,6분위,30.6122449,0.992445776,0.007554224,0,0,0,0,2.095238095,3.494453249,0.000182236,14525,0.002203098
1119071,3482737.318,6977,6분위,30.90909091,0.963751043,0.036248957,0,0,0,0,1.695035461,2.557810578,0.000168713,11912,0.002770316
1119072,3482737.318,10429,6분위,51.57894737,0.8655687,4.56E-10,0.067394014,0.067037286,0,5,3.527619048,2.951149425,0.00017421,22285,0.003275746
1120072,4092066.196,15709,7분위,37.34177215,0.814206079,0.034212402,0,0.151581519,0,0,2.162601626,3.151069519,0.000438476,31962,0.003535448
1120052,5096295.131,7466,5분위,25,0.765528001,0.153081467,0,0.081390532,0,0,1.936170213,3.456964006,0.000197559,10844,0.002858724
1120053,4000164.322,21584,8분위,31.78807947,0.999999988,0,0,1.18E-08,0,1,3.064516129,3.640533778,0.000303809,44087,0.00290335
1120054,3485976.449,12575,8분위,42.85714286,0.987050424,0.012949576,0,0,0,2,3.566666667,3.083382267,0.00022136,28107,0.002739531
1120055,3485976.449,12051,6분위,56.66666667,1,0,0,0,0,0,1.946938776,2.404239766,0.000186513,24512,0.001876632
1120056,3485976.449,13804,6분위,53.33333333,1,0,0,0,0,0,2.325581395,2.160887656,0.000172623,28577,0.002834447
1120071,4552606.723,14266,8분위,30.35714286,0.881310466,0,0,0.118689534,0,1,2.587412587,5.354417671,0.00041975,31485,0.002922026
1120063,4287456.942,13289,6분위,27.84810127,0.929127461,0.070872539,0,0,0,0,5.027027027,4.311914324,0.000228978,22856,0.00240637
1120073,3056696.71,11947,8분위,17.45454545,0.380689164,0.008906349,0,0.610404487,0,0,2.838235294,3.178942165,0.000324046,27780,0.003023758
1120065,4287456.942,10564,8분위,34.7826087,0.999999823,0,0,1.77E-07,0,0,3.062992126,3.403574088,0.000515596,24344,0.003080841
1120066,4287456.942,7154,6분위,15.78947368,1,0,0,0,0,0,2.537190083,2.199524941,0.000170041,14141,0.002121491
1120067,4287456.942,6600,7분위,43.85964912,1,0,0,0,0,0,2.495575221,2.198243413,0.000254598,14467,0.00463123
1120068,3930726.927,17282,7분위,38.70967742,0.936872311,0.035352262,0,0.027775427,0,0,5.730103806,4.869167429,0.00023153,37990,0.002763885
1120069,3776185.201,10234,8분위,32.25806452,0.981769354,0.018230646,0,0,0,0,3.826388889,2.486631016,0.000210805,23142,0.002506266
1120070,3776185.201,9769,7분위,35.9223301,0.94707223,0.05292777,0,0,0,0,4.059027778,11.56767411,0.000150391,21189,0.00372835
1121052,3849423.354,12009,6분위,31.57894737,0.974291696,0.025708304,0,0,0,0,3.380530973,3.460811562,0.000214885,24412,0.002498771
1121054,3849423.354,6553,7분위,33.33333333,1,0,0,0,0,0,2.369863014,2.198170732,0.000196094,15118,0.003042731
1121079,3849423.354,14122,7분위,54.41176471,1,0,0,0,0,0,2.279503106,2.460154242,0.000196788,29209,0.00284159
1121057,3849423.354,17137,6분위,23.61111111,0.964612017,0.035387983,0,0,0,6,3.654929577,3.531559729,0.000214119,28931,0.00283433
1121058,3849423.354,10254,7분위,19.82378855,0.238369889,0.009071384,0,0.752558727,0,0,5.428571429,4.393645665,0.000182652,16847,0.002493025
1121080,3849423.354,22229,6분위,16.94915254,0.961658196,0.038341744,0,5.90E-08,0,0,8.577540107,4.266536204,0.000191643,35422,0.002117328
1121078,3849423.354,15937,7분위,58.97435897,1,0,0,0,0,12,5.121710526,2.985439173,0.000277449,33156,0.003197008
1121061,3849423.354,9605,6분위,33.33333333,0.925590048,0.074409952,0,0,0,0,7.43533123,3.425055928,0.000128493,15106,0.002250761
1121062,3849423.354,13908,6분위,22.22222222,0.518621981,0,0,0.481378019,0,0,4.556053812,2.646464646,0.000267398,25799,0.002054343
1121063,4582830.794,9538,7분위,5.198776758,0.151218209,0.009727532,0,0.839054259,0,0,2.946280992,4.283333333,8.62E-05,18085,0.0029859
1121064,3680444.979,13823,5분위,36.92307692,0.937006335,0.062993665,0,0,0,0,9.072580645,4.091214326,0.000166248,22593,0.002611428
1121065,3680444.979,10797,5분위,25.45454545,1,0,0,0,0,0,1.992857143,2.420542636,0.00026777,17840,0.002522422
1121066,3680444.979,15523,6분위,35.35353535,0.937987684,0,0,0.062012316,0,0,2.682758621,2.03802535,0.000143797,23062,0.002384876
1121068,3680444.979,13680,5분위,37.5,0.97972859,0.02027141,0,0,0,0,3.341614907,2.173272933,0.000372937,22560,0.002260638
1121069,3680444.979,17289,5분위,35.18518519,0.81220721,0.18779279,0,0,0,0,3.414965986,2.467381591,0.000122034,22365,0.001699083
1121071,3680444.979,6422,7분위,55,0.73816921,0,0,0.26183079,0,0,2.209302326,2.99382716,0.000306179,15298,0.003529873
1121072,3680444.979,10649,6분위,58.20895522,0.951807399,0.048188852,3.75E-06,0,0,0,3.530183727,2.57566638,0.00014213,17338,0.002249394
1121073,3680444.979,16777,6분위,8.795180723,0.112128157,0,0,0.887871843,0,0,1.903846154,7.093012048,0.000237009,23385,0.003207184
1121082,3680444.979,11204,6분위,16.54135338,0.564717907,0,0,0.435282093,0,0,1.621794872,2.319306931,0.000287083,21902,0.003561319
1121083,3680444.979,14102,6분위,38.4057971,0.97844262,0.02155738,0,0,0,0,3.801089918,2.588870881,0.000192163,30512,0.002589145
1121081,3680444.979,12972,5분위,37.5,1,0,0,0,0,0,1.77092511,2.23608903,0.000219298,26759,0.002130124
1122051,11533520.07,9350,8분위,33.8028169,0.733194953,0.058292915,0,0.208512132,0,2,25.64473684,6.45194274,0.00027071,20524,0.002338725
1122052,11533520.07,9671,9분위,55.64516129,0.813295987,0.186704013,0,0,0,15.5,20.22483221,7.276853438,0.000265905,26237,0.003277814
1122053,9167659.076,14565,8분위,33.10580205,0.7055705,0.086951033,0,0.207478467,0,1,9.510429448,6.872294951,0.000210037,32437,0.001818911
1122054,11533520.07,11005,9분위,60.22727273,0.800154092,0.199845908,0,0,0,0,19.00847458,7.041826004,0.000170464,30833,0.002010833
1122055,9899941.413,11449,9분위,15.90909091,0.6472263,0.006197483,0,0.346576217,0,3,18.34200743,4.527667984,0.000348241,26771,0.003137724
1122056,10109151.47,4107,9분위,6.930693069,0.604913431,0,0,0.395086569,0,0,1.526315789,3.54084507,0.000128495,1969,0.012188928
1122057,10109151.47,14274,9분위,36,0.990321439,0.009678561,0,0,0,0,17.77966102,4.463838384,0.000163828,34464,0.001798979
1122058,10109151.47,5109,9분위,18.51851852,0.574580637,0,0,0.425419363,0,0,2.647058824,4.383141762,0.000108149,15707,0.002610301
1122059,9899941.413,7739,9분위,10.15625,0.536687488,0,0,0.463312512,0,0,35.30555556,4.562684366,0.00023966,22190,0.003064443
1122060,10109151.47,7275,9분위,30.76923077,0.887220051,0.112779949,0,0,0,2,17.47916667,6.616001834,0.000139811,19177,0.002242269
1122061,6801798.085,7997,8분위,38.80597015,1,0,0,0,0,0,6.557077626,4.117857143,0.000194807,20907,0.002008897
1122062,6801798.085,7644,8분위,34.28571429,1,0,0,0,0,0,31.83040936,5.070526774,0.000205251,16848,0.00308642
1122063,6801798.085,8671,8분위,24.35233161,0.494075679,0.028734904,0,0.477189416,0,1,8.723140496,6.154269972,0.00020998,19347,0.002946193
1122064,6801798.085,8284,8분위,24.58333333,0.497314819,0,0,0.502685181,0,1,6.181672026,6.890441176,0.000116731,18783,0.004472129
1122065,6801798.085,9812,8분위,37.75510204,0.979217135,0.020782865,0,0,0,0,7,4.146040453,0.000162421,23524,0.002763136
1122066,4568396.083,18222,8분위,20.83333333,0.372781044,0.004368304,0,0.622850652,0,3,15.58315335,7.749517561,0.000268536,43074,0.003250221
1122067,3950564.021,10829,7분위,9.234828496,0.165349595,0.051304529,0,0.783345876,0,6.6,5.681099656,6.665996598,0.000320009,21927,0.003511652
1122068,1328517.423,7209,8분위,8.123028391,0.072495722,1.09E-08,0,0.927504267,0,2,17.74193548,5.558156547,0.0002709,17560,0.003416856
1123051,11140155.82,7323,9분위,8.994708995,0.327843791,0.008459439,0,0.66369677,0,0,3.844793713,4.785232517,0.000206933,15993,0.002563622
1123052,11126967.34,14400,7분위,26.4,0.948270428,0.051729572,0,0,0,1,7.621268657,5.658775614,0.000121369,22073,0.002265211
1123053,11126967.34,11676,8분위,25.85034014,0.901242574,0.098757426,0,0,0,1,19.1694291,7.064033168,0.000154577,21018,0.0021886
1123077,11140155.82,10622,9분위,7.90513834,0.42728501,0.008366804,0,0.564348186,0,1,10.91856678,5.845095272,0.000135498,26305,0.00224292
1123078,15177640.92,11801,9분위,13.73390558,0.557675543,0.033441256,0,0.408883201,0,0,11.88888889,5.728035387,0.000127098,25684,0.002063542
1123058,14629602.55,5675,9분위,27.83505155,0.524433618,0.226316597,0,0.249249785,0,1,10.18484848,9.997151809,0.0002529,12878,0.002251902
1123059,14629602.55,13439,9분위,32.25806452,0.823497988,0.176502012,0,0,0,8,7.395894428,7.742953586,0.000212806,30436,0.00236562
1123060,12329032.8,7380,10분위,39.24050633,1,0,0,0,0,0,3.162790698,5.372707263,0.000183037,24165,0.001944962
1123079,12329032.8,12986,9분위,28.5,0.665970583,0.111169588,0,0.222859829,0,6,17.68421053,11.71042747,0.00030073,36507,0.003533569
1123063,12329032.8,10328,8분위,26.02739726,0.767790917,0.232209083,0,0,0,1,11.1640625,6.117511111,0.000197421,19815,0.002321474
1123064,13524115.21,23983,7분위,30.21276596,0.71465574,0.28534426,0,0,0,10.11111111,12.51008065,7.674185229,0.000338223,35587,0.002444713
1123065,13524115.21,15675,9분위,28.69565217,0.760446755,0.239553245,0,0,0,0,9.657894737,7.35301353,0.000223885,36072,0.002439565
1123066,8575488.928,8661,9분위,34.31372549,0.964605392,0.035394608,0,0,0,1,23.59230769,6.228973843,0.000150835,21405,0.003176828
1123067,8575488.928,11792,9분위,34.31372549,0.828492351,0.171507649,0,0,0,0,21.34246575,6.125586431,0.000135989,33163,0.002382173
1123068,5057810.131,2465,9분위,24.40944882,0.460383391,0,0,0.539616609,0,0,11.68,3.775590551,0.000171238,6470,0.001854714
1123080,4966082.936,8033,9분위,22.70916335,0.711573021,0.008563863,0,0.279863116,0,0,2.492537313,3.380837359,0.000229312,27874,0.002977685
1123071,5057810.131,9499,7분위,32.88590604,0.620549461,0,0,0.379450539,0,0,9.379781421,3.644041042,0.000205607,23710,0.002910164
1123076,1924897.726,17965,8분위,18.39622642,0.248038631,0.022672178,0,0.729289191,0,1,5.942528736,3.862445415,0.000370395,43232,0.002683198
1123072,3807632.667,8146,9분위,18.60465116,0.296560819,0.004743801,0,0.69869538,0,0,1.828571429,14.28550933,0.000198208,23260,0.00322442
1123073,3807632.667,7465,7분위,21.73913043,0.61765819,0,0,0.38234181,0,0,12.27777778,3.05562579,0.000234983,15073,0.003051815
1123074,7420399.558,7357,8분위,16.12903226,0.346497174,0.015517586,0,0.63798524,0,2,10.9516129,12.19875,0.000267776,17518,0.003653385
1123075,2740909.593,7876,8분위,23.07692308,0.320664843,0.089011867,0,0.59032329,0,0,15.04824561,7.713143428,0.000141102,14804,0.003107268
1124051,3566390.003,6377,7분위,10.38961039,0.428084358,0,0,0.571915642,0,13,3.419047619,2.55952381,0.000234304,12869,0.003419069
1124052,3566390.003,11071,8분위,20.12578616,0.408258453,0,0,0.591741547,0,0,3.933333333,10.47642164,0.000170111,24785,0.003187412
1124053,4333056.355,5510,6분위,19.60784314,0.999055944,0,0,0.000944056,0,4,3.150684932,2.812210916,0.000144515,12539,0.003110296
1124054,4333056.355,8170,7분위,30.18867925,0.89745383,0.022404794,0,0.080141376,0,0,4.888888889,3.697158082,0.000356271,18726,0.002403076
1124055,3583988.516,8972,5분위,27.5862069,0.902311062,0,0,0.097688938,0,0,1.958115183,2.143322476,0.000291943,18916,0.002378938
1124056,3583988.516,8886,5분위,16.85393258,0.630204658,0,0,0.369795342,0,0,2.283018868,2.678661616,0.000151865,18713,0.002565062
1124057,6609474.231,6317,8분위,28,0.999999975,0,0,2.52E-08,0,0,7.28313253,4.323873122,0.000146904,15682,0.002614462
1124058,6609474.231,14550,6분위,27.5,0.85581093,0.14418907,0,0,0,0,5.446998723,4.027431996,0.000165664,26489,0.002604855
1124059,6609474.231,5956,9분위,11.35646688,0.277795417,0,0,0.722204583,0,4,2.6,7.142228739,0.000168312,18061,0.002602292
1124060,5376616.843,15693,7분위,26.06060606,0.95702389,0,0,0.04297611,0,4,5.231974922,5.568640646,0.000231884,38446,0.002861156
1124061,7039110.378,12434,7분위,27.84810127,1,0,0,0,0,0,22.02848101,3.110355987,0.000165194,23845,0.001929126
1124062,7039110.378,7647,8분위,18.86792453,1,0,0,0,0,0,5.238095238,2.993179881,0.000224921,19130,0.004443283
1124063,6993182.009,17072,6분위,24.21052632,0.999999987,0,0,1.35E-08,0,61.5,8.010940919,3.683360701,0.000211454,31584,0.002596251
1124064,6861511.51,16326,6분위,15.78947368,0.833226927,0,0,0.166773073,0,0,13.77037037,3.28882938,0.000247576,30325,0.002242374
1124065,6462785.195,12010,7분위,24.77876106,0.923142108,0.076857892,0,0,0,3,9.812619503,5.064480634,0.000194285,26252,0.001904617
1124066,6462785.195,9908,9분위,16.41791045,0.347457332,0.385010652,0,0.267532016,0,3.888888889,4.745098039,3.240418118,0.000197278,27265,0.003154227
1124067,6462785.195,12379,8분위,21.875,1,0,0,0,0,0,3.654237288,3.660038986,0.000352648,32229,0.002761488
1124068,5652646.634,8431,7분위,37.5,0.996459473,0.003540527,0,0,0,0,7.427947598,2.922114838,0.000171542,20012,0.003098141
1124069,3760106.72,15761,8분위,12.27272727,0.281072259,0.446751011,0,0.272176731,0,5.8,21.98306452,5.277371101,0.000304431,28871,0.003082678
1124081,3760106.72,12080,7분위,31.38686131,0.735691537,0,0,0.264308463,0,0,5.108374384,4.671954674,0.000276017,29534,0.002099275
1124082,3100311.58,9900,8분위,27.05882353,0.652009213,0.092333042,0,0.255657745,0,11,2.701754386,4.130182421,0.000769338,39095,0.002736923
1124071,8260413.313,15419,7분위,17.0212766,0.868652418,0.055869446,0,0.075478136,0,0,14.74475524,4.369207773,0.000214732,27953,0.002683075
1124079,8260413.313,11899,9분위,4.128440367,0.251267001,0,0,0.748732999,0,0,3,4.117379436,0.000226185,35036,0.003339422
1124080,8260413.313,12130,9분위,16.10738255,0.65864018,0.09865979,0,0.242700029,0,0,1.608695652,4.101173021,0.000178624,34338,0.002766614
1124075,8622194.444,7418,9분위,8.974358974,0.857074409,0,0,0.142925591,0,0,1.9,3.066334992,0.000338175,21318,0.004081058
1124077,8622194.444,5983,9분위,9.318996416,0.357857974,0.202867944,0,0.439274083,0,4,35.85106383,15.27848101,0.000192107,16775,0.004411326
1124078,8260413.313,3465,9분위,10,0.737570742,0,0,0.262429258,0,0,6.315789474,3.60443038,0.000178736,9550,0.003769634
1125051,1928635.627,12960,7분위,32.74336283,0.465557187,0.010631866,0.018518287,0.50529266,0,0,4.297619048,4.119941133,0.000482097,32794,0.002439471
1125052,2765103.677,11601,7분위,27.83505155,0.459068101,0,0,0.540931899,0,3,47.37714286,6.430232558,0.000400331,49000,0.001979592
1125053,4764949.228,10105,7분위,40.98360656,1,0,0,0,0,4,3.011904762,2.934376358,0.00023863,25856,0.002823329
1125054,4764949.228,6115,8분위,26.80412371,0.558836604,0.154300921,0,0.286862475,0,0,5.325,3.534124629,0.000382666,17524,0.003024424
1125055,2551587.382,8800,8분위,18.54304636,0.563504672,3.80E-06,0,0.436491527,0,1,1.645454545,2.484952709,0.000173393,24301,0.002757088
1125056,2551587.382,8705,6분위,12,0.384392455,0.029562951,0,0.586044594,0,0,2.783783784,3.485338726,0.000209623,22177,0.00180367
1125072,3174095.072,16172,6분위,13.7254902,1,0,0,0,0,1,2.188405797,2.314495255,0.000206967,34486,0.002667749
1125058,3174095.072,6352,7분위,7.627118644,0.201419395,0,0,0.737088068,0.061492538,0,2.555555556,3.227066303,0.000254954,15197,0.002039876
1125059,3174095.072,6369,8분위,3.585657371,0.275834126,0,0,0.724165874,0,1,3.925531915,2.175506268,0.000270259,17898,0.004581517
1125061,4577457.973,12913,6분위,30.98591549,1,0,0,0,0,0,3.24137931,2.45526839,0.000198506,26738,0.002019598
1125073,4577457.973,17730,6분위,23.56687898,0.543524419,0.08613991,0,0.291576735,0.078758936,0,3.577603143,2.990124024,0.000164517,33154,0.002201846
1125063,4577457.973,13901,7분위,16.4556962,0.640829254,0.359170746,0,0,0,3,3.358649789,3.703511053,0.000157279,26564,0.002635145
1125065,4820647.933,8258,7분위,44.82758621,1,0,0,0,0,17,7.082417582,5.338461538,0.000165474,19915,0.003615365
1125066,4820647.933,12909,6분위,34.32835821,0.889469438,0.110530562,0,0,0,0,3.270096463,2.71942758,0.000203045,23534,0.002591995
1125067,4820647.933,10606,6분위,22.53521127,0.956208461,0.043791539,0,0,0,8.75,3.746438746,2.842582897,0.000251306,23079,0.002253131
1125074,4603478.402,21589,6분위,23.60248447,0.650920278,0.123688118,0,0.177086224,0.04830538,5,4.776100629,3.870793037,0.00029568,45653,0.002278054
1125070,2920589.135,14,7분위,10.86956522,0.853434258,0,0,0.146565742,0,0,3,8.5625,0.000235656,133,0.007518797
1125071,2920589.135,11040,7분위,28.20512821,0.569037322,0,0,0.430962678,0,4,3.222222222,5.04198895,0.000233878,24661,0.00283849
